отчисление и увольнение,https://ovdinfo.org/express-news/2016/01/14/otklonena-zhaloba-lva-shlosberga-na-lishenie-deputatskih-polnomochiy
отчисление и увольнение,https://ovdinfo.org/express-news/2015/10/21/sud-priznal-zakonnym-lishenie-shlosberga-deputatskih-polnomochiy
отчисление и увольнение,http://tass.ru/politika/2585863
отчисление и увольнение,http://7x7-journal.ru/item/72615
отчисление и увольнение,https://ovdinfo.org/express-news/2016/10/27/koordinatoru-irkutskogo-otdeleniya-golosa-predlozhili-uvolitsya-iz
отчисление и увольнение,http://www.interfax-russia.ru/Siberia/news.asp?id=783269&sec=1671
отчисление и увольнение,https://ovdinfo.org/express-news/2016/10/17/v-mariy-el-uvolili-chinovnika-za-zapreshchennuyu-pesnyu-vkontakte
отчисление и увольнение,http://proc.gov12.ru/federalnaya-bezopasnost/item/4368-%D0%BF%D0%BE-%D0%BF%D0%BE%D1%81%D1%82%D0%B0%D0%BD%D0%BE%D0%B2%D0%BB%D0%B5%D0%BD%D0%B8%D1%8E-%D0%BF%D1%80%D0%BE%D0%BA%D1%83%D1%80%D0%BE%D1%80%D0%B0-%D0%B3%D1%80%D0%B0%D0%B6%D0%B4%D0%B0%D0%BD%D0%B8%D0%BD-%D0%BF%D1%80%D0%B8%D0%B2%D0%BB%D0%B5%D1%87%D0%B5%D0%BD-%D0%BA-%D0%B0%D0%B4%D0%BC%D0%B8%D0%BD%D0%B8%D1%81%D1%82%D1%80%D0%B0%D1%82%D0%B8%D0%B2%D0%BD%D0%BE%D0%B9-%D0%BE%D1%82%D0%B2%D0%B5%D1%82%D1%81%D1%82%D0%B2%D0%B5%D0%BD%D0%BD%D0%BE%D1%81%D1%82%D0%B8-%D0%B7%D0%B0-%D1%80%D0%B0%D1%81%D0%BF%D1%80%D0%BE%D1%81%D1%82%D1%80%D0%B0%D0%BD%D0%B5%D0%BD%D0%B8%D0%B5-%D1%8D%D0%BA%D1%81%D1%82%D1%80%D0%B5%D0%BC%D0%B8%D1%81%D1%82%D1%81%D0%BA%D0%BE%D0%B3%D0%BE-%D0%BC%D0%B0%D1%82%D0%B5%D1%80%D0%B8%D0%B0%D0%BB%D0%B0.html
отчисление и увольнение,http://obozrevatel.com/politics/42735-v-simferopole-uvolili-iz-shkolyi-organizatora-aktsii-ko-dnyu-rozhdeniya-shevchenko.htm
отчисление и увольнение,https://ovdinfo.org/express-news/2016/07/05/obvinyaemogo-po-makovomu-delu-eksperta-uvolili-s-raboty
отчисление и увольнение,http://penzavzglyad.ru/news/10361/olgu-zeleninu-uvolnyayut-cherez-dva-dnya-posle-vyhoda-na-rabotu
отчисление и увольнение,https://ovdinfo.org/express-news/2016/05/19/mayora-policii-uvolili-za-otkaz-provodit-zaderzhaniya-v-parke-druzhba
отчисление и увольнение,http://www.kommersant.ru/doc/2990190
отчисление и увольнение,https://ovdinfo.org/express-news/2016/05/04/podderzhannogo-otkrytoy-rossiey-kandidata-v-gosdumu-uvolili-s-raboty
отчисление и увольнение,https://ovdinfo.org/express-news/2016/01/22/v-yuzhno-kurilske-uvolili-redaktora-gazety-za-podderzhku-oppozicii
отчисление и увольнение,https://sakhalin.info/news/111134
отчисление и увольнение,https://ovdinfo.org/express-news/2016/01/15/odin-iz-avtorov-pisma-prezidentu-o-situacii-slozhivsheysya-vnutri
отчисление и увольнение,http://www.bfm.ru/news/312778
отчисление и увольнение,https://ovdinfo.org/express-news/2016/01/03/uchenogo-uvolili-za-kritiku-gospolitiki-v-arktike
отчисление и увольнение,https://ovdinfo.org/express-news/2015/12/10/daryu-polyudovu-uvolili-s-raboty-posle-zaderzhaniya
отчисление и увольнение,https://ovdinfo.org/express-news/2015/12/01/devushku-uvolili-iz-administracii-karelskogo-poselka-za-kritiku-sliyaniya
отчисление и увольнение,http://7x7-journal.ru/item/72615
отчисление и увольнение,https://ovdinfo.org/express-news/2015/10/17/daryu-polyudovu-v-ocherednoy-raz-uvolili
отчисление и увольнение,https://ovdinfo.org/express-news/2015/10/17/aktivista-v-volgodonske-uvolnyayut-s-raboty-posle-vizita-centra-e
отчисление и увольнение,https://ovdinfo.org/express-news/2015/09/09/sluzhashchuyu-selskoy-administracii-otstranili-ot-raboty-za-layki
отчисление и увольнение,http://xn--80afcd8aanes8l.xn--p1ai/news/4132
отчисление и увольнение,https://ovdinfo.org/express-news/2014/12/17/evgeniya-zueva-uvolnyayut-s-raboty
отчисление и увольнение,https://ovdinfo.org/express-news/2015/06/20/aktivista-aleksandra-shelkovenkova-uvolili-iz-za-fsb
отчисление и увольнение,http://anonymouse.org/cgi-bin/anon-www.cgi/http://www.kasparov.ru/material.php?id=55845925CA30E
отчисление и увольнение,https://ovdinfo.org/express-news/2015/06/17/filial-amerikanskoy-kompanii-uvolil-sotrudnika-za-uchastie-v-moskovskom-gey
отчисление и увольнение,http://www.gayrussia.eu/russia/11485/
отчисление и увольнение,https://ovdinfo.org/express-news/2015/06/02/mat-geroya-filma-semya-uvolili-s-raboty
отчисление и увольнение,https://openrussia.org/post/view/7604/
отчисление и увольнение,https://ovdinfo.org/express-news/2015/05/23/krasnodarskaya-aktivistka-darya-polyudova-lishilas-raboty
отчисление и увольнение,https://ovdinfo.org/express-news/2015/03/08/sud-v-mineralnyh-vodah-zapretil-aktivistu-zanimatsya-torgovley
отчисление и увольнение,https://ovdinfo.org/express-news/2015/07/09/avtor-narisovannogo-vokrug-yamy-na-asfalte-gubernatora-otchislen-iz-vuza
отчисление и увольнение,https://om-saratov.ru/novosti/08-July-2015-i26326-istochnik-avtor-dorojnogo-port
отчисление и увольнение,https://ovdinfo.org/express-news/2015/07/08/koordinatora-tulskogo-levogo-fronta-otchislili-iz-instituta
отчисление и увольнение,https://ovdinfo.org/express-news/2014/12/24/studentku-napisavshuyu-zayavlenie-na-vitaliya-milonova-otchislili-iz
отчисление и увольнение,http://www.metronews.ru/novosti/studentku-podavshuju-zajavlenie-na-milonova-otchislili-iz-instituta/Tponlx---6RhK6DnySk2Bc/
отчисление и увольнение,https://ovdinfo.org/express-news/2016/10/31/kazachego-atamana-otstranili-ot-dolzhnosti-za-uchastie-v-traktornom-marshe
отчисление и увольнение,http://ognikubani.ru/news/6649/
отчисление и увольнение,http://amurmedia.ru/news/khabarovsk/04.09.2013/300376/zayavlenie-ob-uvolnenii-po-sobstvennomu-zhelaniyu-podal-habarovskiy-uchitel---lgbt.html
отчисление и увольнение,http://paperpaper.ru/bogach/
отчисление и увольнение,http://www.svoboda.org/a/26972967.html
отчисление и увольнение,http://kasparovru.com/material.php?id=537F191DCEAA5
отчисление и увольнение,http://www.bbc.com/russian/russia/2013/07/130731_kazan_lgbt_work_case
отчисление и увольнение,http://www.newizv.ru/society/2014-12-15/211866-neraduzhnye-perspektivy.html
отчисление и увольнение,http://www.lgbtnet.org/ru/content/grazhdanskiy-aktivizm-kak-prichina-dlya-uvolneniya-prepodavateley-severnogo-arkticheskogo
отчисление и увольнение,http://graniru.org/Politics/Russia/Regions/m.218450.html
отчисление и увольнение,http://www.nakanune.ru/news/2013/9/3/22322352/
отчисление и увольнение,http://www.rbc.ru/spb_sz/27/05/2015/5592b74c9a7947f6f764ac38
отчисление и увольнение,http://www.novgaz-rzn.ru/nomer04022016_04/2499.html
отчисление и увольнение,http://www.solidarnost.org/news/Rukovodstvo_orlovskogo_zavoda_uvolilo_aktivistov_profsoyuza.html
отчисление и увольнение,http://progorodnn.ru/news/17482
отчисление и увольнение,http://www.kasparov.ru/material.php?id=523050F0A64BB
отчисление и увольнение,http://www.metronews.ru/novosti/iz-spbgu-otchislili-za-neuspevaemost-studenta-aktivista-vorob-eva/Tpolcw---efVYJYQN3vymQ/
отчисление и увольнение,http://saint-petersburg.ru/m/spb/old/308817/
отчисление и увольнение,http://graniru.org/Society/Religion/m.173953.html
отчисление и увольнение,http://www.spravda.ru/news/6769.html
отчисление и увольнение,https://www.znak.com/2015-10-20/sotrudniki_evraz_group_pytayutsya_vernut_rabotu_cherez_sud
отчисление и увольнение,http://augustnews.ru/aktivist-profsoyuza-edinstvo-posle-golodovki-lishilsya-raboty/
отчисление и увольнение,http://www.kasparov.ru/material.php?id=519B8426F1751
отчисление и увольнение,http://www.kasparov.ru/material.php?id=4A49B71775EA1
отчисление и увольнение,http://www.kasparov.ru/material.php?id=4A487F41F1C87
отчисление и увольнение,http://graniru.org/Politics/Russia/m.227473.html
отчисление и увольнение,https://ovdinfo.org/express-news/2016/11/28/otca-lipeckoy-aktivistki-ne-vzyali-na-rabotu-iz-za-ee-deyatelnosti
отчисление и увольнение,https://ovdinfo.org/express-news/2015/06/03/kubanskoy-aktivistke-dare-polyudovoy-otkazali-v-prieme-na-rabotu
отчисление и увольнение,http://old.mgimo.ru/news/university/document249761.phtml
отчисление и увольнение,http://www.rosbalt.ru/piter/2014/02/21/1236297.html
отчисление и увольнение,http://www.belgazeta.by/ru/online/society/31098
отчисление и увольнение,http://www.mk.ru/politics/2012/06/13/714167-marsh-v-litsah.html
отчисление и увольнение,http://www.metronews.ru/novosti/v-peterburge-lidera-studencheskogo-sojuza-reshili-otchislit/Tpolbx---EGGBoQ4s7CTcc/
отчисление и увольнение,http://www.newsru.com/russia/01mar2012/student.html
отчисление и увольнение,http://pln-pskov.ru/politics/220103.html
отчисление и увольнение,https://ovdinfo.org/express-news/2015/09/24/lva-shlosberga-isklyuchili-iz-pskovskoy-oblastnoy-dumy
отчисление и увольнение,http://tass.ru/politika/2288072
отчисление и увольнение,http://www.rbc.ru/politics/24/09/2015/5603bdf69a7947a0dbfccca5
отчисление и увольнение,https://ovdinfo.org/express-news/2016/06/30/karelskogo-deputata-lishili-mandata-posle-nameka-na-referendum-ob-otdelenii
отчисление и увольнение,http://7x7-journal.ru/anewsitem/83580
отчисление и увольнение,https://tvrain.ru/teleshow/here_and_now/ty_teper_u_nas_glavnyj_oppozitsioner-408636/
отчисление и увольнение,http://mirror715.graniru.info/Society/ecology/m.247495.html
отчисление и увольнение,https://ovdinfo.org/express-news/2016/04/04/deputata-gordumy-komsomolska-na-amure-isklyuchili-iz-kprf-za-protestnyy
отчисление и увольнение,http://www.dvnovosti.ru/komsomolsk/2016/04/03/48715/
отчисление и увольнение,http://amurmedia.ru/news/politics/04.04.2016/498621/isklyuchenniy-iz-kprf-za-miting-protiv-mera-komsomolska-oleg-pankov-obratilsya-v.html
отчисление и увольнение,http://tayga.info/127752
отчисление и увольнение,http://newia.info/12957
отчисление и увольнение,http://vz.ru/society/2012/5/29/581132.html
отчисление и увольнение,http://www.atheism.ru/library/Other_119.phtml
отчисление и увольнение,https://www.novayagazeta.ru/news/2007/10/31/20877-kirov-aktivista-drugoy-rossii-otchislili-iz-vuza-za-kritiku-edinoy-rossii
отчисление и увольнение,https://lenizdat.ru/articles/1025950/
отчисление и увольнение,http://bloknot-krasnodar.ru/news/v-krasnodare-studentov-zhurfaka-kubgu-predlagayut--670874
отчисление и увольнение,http://www.mn.ru/society/edu/85978
отчисление и увольнение,http://www.svoboda.org/a/27715715.html
отчисление и увольнение,http://www.svoboda.org/a/27653950.html
отчисление и увольнение,https://lenta.ru/news/2012/10/31/voloshin/
отчисление и увольнение,http://taki-net.livejournal.com/398155.html
отчисление и увольнение,http://bg.ru/society/prepodavatelja_uvolili_za_pozitsiju_po_antigejskomu_zakonu-16538/
отчисление и увольнение,http://medportal.ru/mednovosti/news/2015/06/26/247fire/
отчисление и увольнение,https://www.yuga.ru/news/405894/
отчисление и увольнение,http://www.yabloko.ru/regnews/Tver/2013/10/10
отчисление и увольнение,https://openrussia.org/post/view/7961/
отчисление и увольнение,http://gordonua.com/news/crimea/organizatora-simferopolskoy-akcii-pamyati-shevchenko-uvolili-s-raboty-za-nesootvetstvie-zanimaemoy-dolzhnosti-70917.html
отчисление и увольнение,https://meduza.io/news/2016/11/16/koordinatora-fonda-golos-sibir-uvolili-iz-universiteta-posle-zhaloby-aktivista-nod
отчисление и увольнение,http://info.sibnet.ru/article/339616/
отчисление и увольнение,http://www.currenttime.tv/a/28111040.html
отчисление и увольнение,http://www.rosbalt.ru/russia/2015/09/30/1445969.html